id,school_inep_fk
129,31271420
131,31271420
140,31327859
141,28016254
141,31327859
142,28016254
144,31327859
147,28016254
148,28027264
149,28027264
150,28027264
150,31085952
155,28016262
161,28016270
162,28016270
168,28016262
171,28030737
175,28000390
184,28000390
288,28036964
289,28036964
290,28036964
291,28036964
292,28036964
293,28036964
294,28036964
295,28036964
296,28036972
297,24010200
297,28016939
297,28030680
297,32004290
298,28036972
299,28016033
299,28016939
299,28030680
299,32004290
300,28036972
301,28036972
302,28002156
303,24010111
303,28016041
303,32004290
304,28002156
305,28002156
306,28002156
307,28002156
308,28002156
309,28002156
310,28002156
311,28002156
312,28002156
321,28002156
322,28002156
323,28002156
324,28002156
325,28001761
326,28001737
327,28001737
328,28001737
329,28001737
330,28001737
331,28001737
331,28016041
332,28001737
333,28001737
334,28016041
337,28001737
338,28016041
338,28034139
339,28001761
339,28016041
340,28001761
340,28016068
341,28001761
342,28001761
343,28001761
344,28001761
345,28001761
346,28001761
347,28001761
348,28001761
350,28034139
352,28034139
354,28034139
355,28034139
357,28034139
358,28030737
359,28034139
360,28034139
361,28030737
361,28034139
362,28030737
362,28034139
363,28034139
364,28034139
365,28034139
366,28030737
366,28034139
367,28030737
368,28034139
370,28030737
371,28001761
371,28030737
372,28001761
372,28016041
373,28036972
374,28036972
375,28036972
376,28036972
377,28036972
378,28005880
378,28036972
379,24010146
379,28005880
379,28032934
380,28002024
381,28002024
382,28002024
383,28002024
384,28002024
384,28032934
385,28002024
386,28002024
386,28016050
387,24088854
387,25039113
387,28032934
388,28002024
388,28016050
389,28002024
390,28002024
390,28016050
393,28030680
394,28002024
395,28002024
396,28033248
397,28030680
397,28033248
398,28033248
399,28032020
400,28002172
401,28002172
401,28016033
402,28002172
403,28002172
403,28016033
404,28002172
405,28002172
405,28016033
406,28002172
407,28001842
407,28005988
408,28001842
409,28001842
410,28001842
411,28001842
411,28016033
412,28001842
413,28001842
413,28016033
413,28016947
414,28001842
415,28001842
418,28005961
420,28001842
424,28016033
425,28016033
426,28113403
427,28032616
428,28032616
429,28032616
430,28001826
430,28032616
430,28113403
431,28001826
431,28113403
432,28001826
433,28001982
433,28005880
434,28001982
436,28001982
436,28016009
437,28001982
438,28005988
441,28032934
445,28001826
445,28005970
445,28029259
445,28032616
446,28001826
446,28029259
446,28032616
447,28001826
447,28029259
448,28001826
449,28001826
451,28001982
451,28029259
452,28001982
453,28001982
453,28005902
454,28001982
455,28035453
456,28035453
457,28029259
457,28035453
458,28016939
458,28035453
459,28035453
460,28016033
460,28035453
461,28030737
461,28035453
462,28001672
463,28016939
464,28001672
464,28005988
465,28001672
465,28005988
466,28001672
466,28030680
466,28032934
467,28001672
467,28032934
468,28001672
469,28001672
470,28001672
470,28016033
471,28001761
471,28016033
472,28001761
472,28016033
473,28005961
473,28016033
473,28036395
474,28005872
474,28016033
474,28036395
475,28005872
475,28030338
476,28030338
476,28036395
477,28030338
477,28036395
478,28036395
479,28030338
479,28036395
480,28030338
480,28036395
481,28036395
482,28036395
483,28036395
484,28036395
485,28036395
486,28036395
487,28036395
488,28036395
489,28036395
493,28016912
493,28036395
494,28036395
504,28001702
505,28001702
506,28001702
507,28001702
508,28001702
509,28001702
510,28016912
511,28001702
512,28001702
513,28001702
514,28001702
526,28001702
527,28001702
528,28001702
529,21022712
530,28001702
531,28001702
532,28001702
533,28001702
534,28001702
535,28002156
536,28002156
537,28002156
538,28002156
540,28002156
545,28001761
546,28001761
547,28001761
548,28001761
549,28001761
550,28001761
560,28001761
561,28001761
561,28029259
562,28002156
563,28002156
564,28001702
565,28001702
566,28001702
567,28001702
568,28001702
569,28001702
570,28001702
571,28001702
573,28001702
574,28001702
586,28002156
588,28001702
589,28001702
597,28002156
598,28002156
601,28015266
602,28002156
603,28002156
604,28002156
605,28036395
606,28036395
607,28036395
608,28036395
609,28036395
610,28036395
611,28036395
612,28036395
613,28036395
614,28036395
615,28002156
619,28002156
626,28001826
627,28001826
628,28001826
629,28001826
632,28002156
641,28001826
642,28001826
643,28036395
644,21022704
644,28036395
645,28036395
646,28036395
647,28036395
648,28036395
649,28036395
650,28036395
651,28001761
652,21032084
653,21032521
654,21032521
655,21032521
656,21032521
669,21022712
671,21331650
672,28001672
673,28001672
674,28001672
675,28001672
676,28001672
677,28001672
678,28001672
679,28001672
683,28033248
684,28033248
685,28033248
686,28001702
687,28001702
688,28001702
689,28001702
696,28001702
697,28001702
698,28001702
699,28001702
700,28001702
701,28001702
709,32069332
712,28001702
713,28001702
714,28036972
715,28002024
715,32069332
716,32069332
717,32069332
718,21031967
718,32069332
722,32059833
723,28022041
723,32059833
724,28022041
728,28022041
729,28022041
730,28022041
734,28001826
735,28001826
736,28001826
736,28022041
737,28001826
737,28022181
737,32059833
738,28001826
739,28001826
740,28022181
741,28022246
742,28022149
743,28022149
744,28022246
745,21031762
745,28032373
746,28036395
747,28036395
748,28036395
749,21022780
749,28036395
750,28036395
751,21022780
751,28036395
752,21022780
752,28036395
753,28036395
754,28036395
755,28036395
756,28036395
757,28036395
758,21032084
758,28022092
758,32065752
759,28022092
759,32065752
760,28036395
761,28022092
761,28036395
761,32060521
762,28036395
763,28036395
764,28034139
765,28034139
766,28034139
767,28034139
768,28034139
769,28034139
770,28034139
771,28034139
772,28034139
773,28034139
774,28034139
775,28034139
776,28034139
777,28034139
778,28034139
779,28002156
780,28002156
781,28002156
782,28002156
783,28002156
784,28002156
785,28002156
786,28002156
787,28002156
788,28002156
796,28002156
797,28002156
798,28022068
799,28022068
800,21032424
800,28022068
801,28022068
802,28022068
803,21032424
803,28022220
803,32065744
804,21032424
804,28022220
804,32060483
805,21032424
805,28022220
805,32060483
806,21032424
806,32065744
807,32065744
808,32065744
809,28022220
809,32065744
810,32060483
811,28022220
811,32065744
812,28022386
812,32060483
813,28022386
813,32060483
814,28022386
814,32060483
815,28022386
815,32060483
816,28022386
816,32060483
817,28022386
817,32060483
818,28022386
818,32060483
819,28022386
819,32060483
820,21033080
820,28022386
821,21032327
821,28022386
822,28036395
823,28036395
824,21031908
824,28001737
824,32069340
825,28001737
826,21275998
826,28001737
826,28022386
826,32069340
827,28001737
828,28001737
829,28001737
830,28001737
831,28001737
831,28022386
835,28001737
836,28036964
837,28036964
838,28036964
839,28022173
839,28033418
839,32060688
840,21033080
840,28022173
840,28033418
840,28033582
840,28036964
840,32060688
841,28036964
842,28036964
843,28036964
844,28035453
845,28035453
846,28035453
847,28035453
848,28035453
849,28035453
850,28002024
851,21033013
851,28002024
851,28015169
851,28022211
851,32060530
852,21032076
852,28015169
852,28022211
853,28036972
854,28036972
855,28036972
856,28001761
857,28001761
857,28015037
857,28016211
858,28001761
859,28001761
859,28016211
860,28001761
860,28048407
861,28001761
862,28001761
863,28001761
863,28016173
863,28022165
864,28001761
865,28001761
868,28022190
868,32060777
873,28001761
874,28001761
875,28022190
876,21042063
876,28022190
877,28022190
877,32060483
878,28015169
878,28070402
879,28036972
880,28036972
881,28036972
882,28036972
883,28036972
884,28036972
885,28027299
885,32099410
886,28002024
886,28015223
886,32081111
887,28002024
887,28015223
887,28070402
887,32081111
888,28001982
889,28001982
890,28001982
891,28001982
892,28001982
893,28001982
894,28001982
895,28001982
896,28001761
897,28001761
900,28070402
902,28002024
902,28016173
903,28001842
904,28001842
905,28001842
906,28001842
907,28001842
908,28015266
908,28016173
908,28070402
909,28015304
909,28016173
910,28015304
910,28022386
910,28033418
911,28001842
911,28015304
911,28022386
911,28033418
912,28001842
912,28015304
912,28022254
912,28071425
913,28001842
914,28001842
915,28001842
916,28002024
916,28015134
916,28071425
916,32083327
917,28015134
917,28022211
917,28071425
917,32083327
918,28002024
919,28002024
919,28015134
919,28022041
919,28071425
920,28002024
920,28070402
920,28071425
922,28002172
922,28015304
922,28048407
922,28070402
923,28002172
923,28015304
923,28048407
923,32099010
924,28002172
924,28015304
924,28048407
924,32083319
925,28002172
925,28015304
925,32099010
926,28002172
926,28027299
926,32083319
927,21041938
927,28002172
927,28027299
928,28002172
928,28015266
928,28027299
928,32099010
929,28001826
930,28015266
931,28002024
931,28015266
931,28022122
931,28031199
932,28002024
932,28015266
932,28031199
933,28015150
933,28031199
933,28037740
934,28037740
935,28015185
935,28022211
935,28031199
935,32099010
936,21042330
936,28031199
936,28037740
937,28015185
937,28031199
937,32082576
938,28031199
938,28037740
939,28036964
940,21042330
940,28015126
940,28016220
941,28037740
942,28015126
942,28037740
943,28015126
943,28016220
943,28037740
943,32059930
944,28015126
944,28016220
945,28016220
945,32069332
946,28036395
947,28036395
948,28015207
948,28016220
948,32082576
949,28016220
950,28036395
951,28015282
952,28015150
953,28022246
953,28032233
960,28015231
960,28033418
960,32069731
961,21041652
961,28002172
961,28015215
961,28033418
961,32069731
964,28016173
966,28016173
966,32069731
967,21041733
968,21041733
968,28032233
969,21041733
969,28032233
969,32069731
970,21041733
970,28016173
970,32069731
971,21041733
971,28001702
972,21041733
972,28001702
973,21041733
973,28001702
974,21041555
974,28001702
975,21041555
975,28001702
976,28001702
977,28001702
978,21041555
978,28001702
979,21041555
979,28001702
980,28001702
991,28001702
992,21041970
992,28001702
1011,28001826
1012,28001826
1013,28001826
1014,28001826
1015,28001826
1016,21042276
1016,28001826
1017,21042276
1017,28001761
1018,28001761
1019,28001761
1020,28001761
1021,28001761
1022,21042276
1022,28001761
1023,21042276
1023,28001761
1024,21042276
1024,28001761
1025,28001761
1026,28001761
1027,28001761
1028,28001761
1031,28001761
1037,28001761
1038,28015070
1038,28016220
1039,28016220
1039,28026713
1040,28015100
1040,28016220
1041,21041938
1041,28015100
1042,28001982
1042,28015100
1042,32059930
1043,28001982
1043,28015100
1043,32082576
1044,28001982
1044,28015100
1044,32065752
1045,28001982
1045,28027558
1046,28001982
1047,28036395
1048,28036395
1049,28036395
1050,28036395
1051,28036395
1052,28036395
1053,28036395
1054,21042055
1054,28036395
1055,28036395
1056,21042055
1056,28036395
1057,28036395
1058,28036395
1059,28036395
1060,28036395
1061,28036395
1062,28036395
1063,21042055
1063,28002156
1063,28015169
1063,28033418
1064,28002156
1065,28002156
1066,28002156
1067,28002156
1068,28002156
1069,28002156
1070,28002156
1071,28002156
1072,28002156
1075,21041865
1075,28015169
1075,28033418
1077,28015266
1077,28033418
1081,28002156
1082,28002156
1083,28036395
1084,28036395
1085,28036395
1086,28036395
1087,28036395
1088,28001842
1090,28001842
1091,32065752
1092,28014987
1093,28014987
1093,32065752
1095,21041806
1096,28027299
1097,21041806
1098,21041806
1098,28027299
1098,32060491
1099,21041806
1099,28031199
1100,32060491
1101,21042187
1102,21042187
1102,28032233
1103,28014987
1103,28016203
1104,28014987
1104,28016203
1104,32060491
1105,28015134
1105,28016203
1105,32060491
1106,21042187
1106,28015134
1106,28016203
1106,32060491
1107,21042187
1107,28015223
1107,28016203
1107,32060491
1108,21042187
1108,28015223
1108,28016203
1108,32060491
1109,21042195
1109,28015223
1109,28016203
1110,21042195
1110,28015223
1110,28032233
1111,21042195
1111,28015223
1111,28016203
1112,21042195
1112,28015223
1112,28016173
1112,32060491
1113,21042195
1113,28015223
1113,28016173
1113,32081103
1114,28015223
1114,32081103
1115,28015223
1115,28016173
1115,32081103
1116,24085219
1116,28015223
1116,28016173
1117,24085219
1117,28015223
1118,28015223
1118,28016173
1118,32081103
1119,24070866
1119,28015215
1119,28016173
1119,32081103
1120,24070866
1120,28015215
1121,24070866
1121,28015215
1121,28036395
1122,28015037
1122,28036395
1124,24070866
1124,28015037
1124,32081103
1125,24026077
1125,28015037
1125,28037740
1126,24026077
1126,28015037
1126,32065752
1127,28015037
1127,28036972
1127,32065752
1128,21042330
1128,24026077
1128,28001761
1128,32059930
1129,28001761
1130,28001761
1130,28016173
1130,32065752
1131,24026077
1131,28001761
1131,28015037
1131,32065752
1132,24026077
1132,28001761
1132,28016173
1133,21041873
1133,28001761
1133,28015207
1133,28032233
1134,21041873
1134,28001761
1134,28015207
1134,28016173
1135,21041873
1135,24026077
1135,28001761
1135,28015207
1135,28032233
1136,21041873
1136,28001761
1136,28015304
1136,28016173
1137,28001761
1137,28015304
1137,28032233
1137,32065752
1138,28001761
1138,28015304
1138,28032233
1139,24026077
1139,28015304
1139,28016173
1139,32065752
1140,28015126
1140,28016173
1141,24025976
1141,28016173
1142,28016173
1143,21041873
1144,21041873
1144,24026069
1144,32059833
1145,21041873
1146,21041873
1146,24026042
1146,28001761
1147,21041873
1147,24085219
1147,28001761
1148,24072257
1148,28001761
1148,28015266
1149,28015266
1150,24072257
1150,28015266
1151,24072257
1151,28015266
1151,28016220
1151,32081987
1152,24026069
1152,28015266
1152,28016220
1153,24026069
1153,28015266
1154,24026069
1154,28015266
1155,24026069
1155,28015266
1156,24026069
1156,28015266
1157,24026069
1157,28015207
1157,32081120
1158,24026069
1158,28015207
1158,32081120
1159,24026069
1159,28015207
1159,28036964
1159,32081120
1160,24072257
1160,28015282
1160,28036964
1160,32081120
1161,28036964
1161,32059930
1162,24026042
1162,28015134
1162,28036964
1162,32079419
1163,24026069
1163,28015134
1163,28036964
1163,32079419
1164,24026069
1164,28036964
1164,32079419
1165,24026050
1165,28015134
1165,32079419
1166,24026050
1166,28036964
1166,32079419
1167,24026077
1167,28036395
1167,32082576
1168,24026077
1168,28036395
1169,24026077
1170,24026077
1170,28036395
1171,24026077
1171,28036395
1172,24026077
1172,28033582
1172,28036395
1173,28033582
1174,28033582
1174,28036395
1175,28033582
1175,28036395
1176,28033582
1176,28036395
1177,24026077
1177,28016203
1177,28033582
1177,28036395
1178,24085219
1178,28016173
1178,28036395
1179,24085219
1179,28016173
1179,28033582
1179,28036395
1180,24085219
1180,28016173
1180,28033582
1180,28036395
1181,24072257
1181,28016173
1181,28033582
1181,28036395
1182,24072257
1182,28016173
1182,28033582
1182,28036395
1183,24072257
1183,28016173
1183,28033582
1183,28036395
1184,24072257
1184,28033582
1184,28036395
1185,24026069
1185,28016173
1185,28033582
1185,28036395
1186,24026069
1186,28016173
1186,28033582
1186,28036395
1187,24026069
1187,28033582
1187,28036395
1188,24026069
1188,28033582
1188,28036395
1189,24026069
1189,28036395
1190,24026069
1190,28036395
1191,24026069
1191,28001702
1191,28015185
1192,28001702
1192,28015185
1193,24026069
1193,28001702
1194,24026069
1194,28001702
1194,28016173
1194,28027558
1195,24026069
1195,28001702
1195,28015169
1195,28016173
1196,24026050
1196,28001702
1196,28015169
1197,24026050
1197,28001702
1197,28015169
1197,28016220
1198,24026042
1198,28001702
1198,28015169
1198,28016220
1199,28001702
1199,28015169
1199,28016220
1200,24025976
1200,28001702
1200,28015169
1200,28016220
1202,28016220
1203,28016220
1204,24070866
1204,28016220
1205,24070866
1205,28016220
1206,24070866
1206,28016220
1207,24070866
1207,28015169
1207,28016220
1208,28015169
1208,28033418
1209,24025976
1209,28015126
1209,28033418
1210,24025976
1210,28033418
1211,24070866
1211,28001702
1211,28015126
1211,28033418
1212,28001702
1212,28015126
1212,28033418
1213,28001702
1213,28033418
1213,32099410
1214,28033418
1214,32099410
1215,28033418
1215,32099410
1216,28033418
1216,32099410
1217,28033418
1217,32099410
1218,28033418
1218,32099410
1219,28033418
1220,28033418
1220,32059833
1221,28033418
1221,32059833
1222,28033418
1222,28035453
1222,32059833
1223,28033418
1223,28035453
1223,32059833
1224,28033418
1224,28035453
1224,32059833
1225,28033418
1225,28035453
1225,32059833
1226,28033418
1226,28035453
1226,32059833
1227,28033418
1227,28035453
1227,32059833
1228,32059833
1229,32059833
1230,32059833
1231,32059833
1232,28016173
1232,32059833
1233,28015045
1233,28016173
1233,32059833
1234,28015045
1234,28027299
1235,28015304
1235,28027299
1236,28015304
1236,28027299
1237,28015223
1238,28015223
1239,28015223
1240,28015223
1241,28015223
1241,32059833
1242,28015223
1242,32059833
1243,28015223
1243,32059833
1244,28015223
1244,32059833
1245,28015223
1245,32059833
1246,28001826
1246,28015223
1246,28016203
1246,32059833
1247,28001826
1247,28015223
1247,28016203
1247,32059833
1248,28001826
1248,28015223
1248,28016203
1248,32059833
1249,28001826
1249,28016203
1249,32059833
1250,28001826
1250,28016203
1251,28001826
1251,28016203
1251,32059833
1252,28016203
1252,32059930
1253,28016203
1253,32059930
1254,28071425
1255,28071425
1256,28071425
1256,32059930
1257,28071425
1257,32059930
1258,28071425
1259,28071425
1260,28071425
1261,28071425
1261,32059930
1262,28071425
1262,32059930
1263,32059930
1264,28015223
1264,28032233
1265,28015223
1265,28032233
1266,28015223
1266,28032233
1267,28032233
1267,32059930
1268,28032233
1268,32059930
1269,32059930
1270,28071425
1270,32059930
1271,28015134
1271,32059930
1272,32059930
1273,32059930
1275,28015304
1275,32059930
1276,28015304
1277,28015304
1277,32059930
1278,28015304
1278,32059930
1279,28015304
1280,28015304
1281,28015037
1281,28016220
1282,28015037
1283,28015037
1284,28015037
1285,28015037
1286,28015215
1287,28015215
1288,28015215
1288,32059930
1289,28015320
1289,32059930
1290,28015150
1291,28015150
1291,28034139
1292,28015150
1292,28034139
1293,28015150
1293,28034139
1294,28015150
1294,28034139
1294,32069731
1295,28034139
1295,32069731
1296,28034139
1297,28015100
1297,28034139
1297,32069731
1298,28015100
1298,28034139
1298,32069731
1299,28015100
1299,28034139
1299,32069731
1300,28015100
1300,28034139
1300,32069731
1301,28015070
1301,28034139
1302,28015070
1302,28034139
1302,32069731
1303,28026713
1303,28034139
1303,32069731
1304,28026713
1304,28034139
1304,32069731
1305,28026721
1305,28034139
1305,32069731
1306,28002156
1306,28015290
1306,32060521
1307,28002156
1308,28002156
1308,32069731
1309,28002156
1309,28015100
1310,28002156
1310,28015231
1311,28002156
1311,28015177
1312,28002156
1312,28015177
1313,28002156
1313,28015177
1314,28002156
1315,28002156
1317,28015223
1318,32069731
1319,28015274
1325,28002156
1326,28002156
1326,28015037
1327,32069731
1329,32059930
1330,28015312
1330,32060521
1331,28015312
1331,32060491
1332,32060491
1333,32060491
1334,28037740
1334,32060491
1335,28037740
1335,32060491
1336,28015169
1336,28037740
1337,28015169
1337,28037740
1338,28015266
1338,28037740
1339,28015169
1339,28037740
1339,32060491
1340,28015169
1340,28037740
1340,32060491
1341,28015169
1341,28037740
1341,32060491
1342,28015169
1342,28036972
1343,28015169
1344,28015169
1344,28036972
1345,28036972
1346,28002024
1346,32060700
1347,28033248
1348,28033248
1348,32060483
1349,28002024
1349,32060483
1350,28033248
1350,32060483
1351,28002024
1351,28015169
1351,32060483
1352,28015169
1352,32060483
1353,28002024
1353,28015223
1353,32060483
1354,28002024
1354,32060483
1355,28033582
1355,32060483
1356,28002024
1356,28015126
1356,32060483
1357,28015126
1357,28036972
1357,32060483
1358,28002024
1358,28015126
1358,32060483
1359,28015134
1359,28036972
1359,32060483
1360,28002024
1360,28015134
1361,28001672
1361,28015134
1361,32060483
1362,28001672
1362,28015207
1362,32060483
1363,28001672
1363,28015207
1363,32060483
1364,28001672
1364,28015207
1365,28001672
1365,28015045
1366,28001672
1366,28015045
1367,28001672
1368,28001672
1368,28015100
1369,28001982
1369,28015100
1370,28001982
1370,28015304
1371,28001982
1371,28015223
1372,28001982
1372,28015223
1373,28001982
1374,28001982
1375,28001982
1376,28001982
1377,28001737
1378,28001737
1379,28001737
1380,28001737
1381,28001737
1381,32060483
1382,28001737
1382,32060483
1383,28001737
1383,28014987
1383,32060483
1384,28014987
1384,32060483
1385,32060483
1387,28001737
1387,32069332
1388,28001737
1388,32069332
1389,28002024
1389,32069332
1390,28002024
1390,32069332
1391,28002024
1391,32069332
1392,32069332
1393,28014987
1393,32069332
1394,28014987
1394,32069332
1395,28002024
1395,28014987
1395,32069332
1396,28015215
1396,32069332
1397,32069332
1398,28001842
1398,28015215
1398,32081103
1399,28001842
1399,28015070
1399,32065752
1400,28001842
1400,28015070
1400,32065752
1401,28015223
1401,32069340
1402,28015223
1402,32069340
1403,28001842
1403,28015223
1403,32069340
1404,28001842
1404,28015223
1404,32069340
1405,28015223
1405,32069340
1406,28015223
1406,32069340
1407,28001842
1407,28015223
1407,32082576
1408,28001842
1408,28015223
1408,32082576
1409,28001842
1409,28015223
1409,32082576
1410,28001842
1410,28015223
1410,32082576
1411,28015223
1411,32082576
1412,28002172
1412,28015223
1412,32082576
1413,28002172
1413,28015223
1413,32082576
1414,28002172
1414,28015304
1414,32082576
1415,28002172
1415,32082576
1415,33013608
1416,28002172
1416,28015304
1416,32082576
1417,28002172
1417,28015304
1417,32082576
1418,28002172
1418,28015304
1419,28015185
1420,28015185
1420,28036972
1421,28015304
1421,28036972
1422,28015100
1422,28036972
1423,28015100
1423,28036972
1424,28015100
1425,28026713
1426,28026713
1427,28015037
1427,32065744
1428,28015037
1428,32065744
1429,28015037
1429,28038231
1429,32065744
1430,28015037
1430,28038231
1430,32065744
1431,28015037
1431,28038231
1431,32065744
1432,28038231
1433,28038231
1434,28038231
1435,25013645
1435,28015037
1435,28038231
1435,32065744
1436,25013645
1436,28038231
1436,32065744
1437,25013645
1437,2803458
1437,32065744
1438,25013645
1438,28015223
1438,28038231
1438,32065744
1439,28015223
1439,28038231
1439,32065744
1440,25013530
1440,28015223
1440,32065744
1441,25013530
1441,28015223
1441,2803458
1441,32065744
1442,25013645
1442,28015169
1442,28038231
1443,25013645
1443,28038231
1443,32099010
1444,25013645
1445,25013645
1445,2803458
1446,25013645
1446,2803458
1447,2803458
1447,32060386
1448,2803458
1449,28038231
1449,32060521
1450,28038231
1450,32060521
1451,28038231
1451,32060521
1452,28038231
1453,25013645
1453,28038231
1454,25013645
1454,28038231
1455,25013645
1457,25012878
1457,28001672
1458,25012878
1459,25013297
1459,28036972
1459,32060386
1460,25013297
1460,28037740
1460,32060386
1461,25013297
1461,28036972
1461,32060386
1462,25013297
1462,32060386
1463,25013297
1463,28038231
1463,32060386
1464,25013297
1464,28038231
1464,32060386
1465,25013297
1465,28002172
1465,32060386
1466,25013297
1466,28001672
1466,32060386
1467,25013491
1467,32081120
1468,25013491
1468,32081120
1469,25013491
1469,28036972
1469,32081120
1470,25133365
1470,32081120
1471,25133365
1471,32059582
1472,25133365
1472,28001737
1472,32059582
1473,25013742
1473,32059582
1474,25013742
1474,28001761
1474,32059663
1475,25013742
1475,28001761
1475,32059663
1476,25013645
1476,28001761
1476,32132000
1477,28001761
1477,32132000
1478,25133365
1478,28001761
1478,32132000
1479,25012878
1479,28001761
1479,32132000
1480,28001761
1480,32060521
1481,25012878
1481,28001761
1481,32060521
1482,25012878
1482,28001761
1482,32060521
1483,25012878
1483,28001761
1483,32060521
1484,25012878
1484,28001761
1485,25012878
1485,28001982
1486,25013645
1486,28001982
1487,25013645
1487,28001982
1488,28001982
1489,28001982
1490,25013335
1491,25013335
1491,32099010
1492,32099010
1493,32099010
1494,32099010
1495,25013190
1495,32079419
1496,25013190
1496,32079419
1497,25013190
1497,32079419
1498,25013190
1498,32079419
1499,32059752
1500,32059752
1501,25013297
1501,32059752
1502,25013530
1502,32059752
1503,32059752
1508,25013360
1508,28001826
1509,28001826
1510,28001826
1510,32059752
1511,28001826
1511,32059752
1512,25013360
1512,28001826
1512,32059752
1513,25013360
1513,28001826
1513,32060475
1514,25013360
1514,28036395
1514,32060475
1515,25013360
1515,28036395
1515,32060475
1516,28036395
1516,32060475
1517,28036395
1518,28036395
1518,32060610
1519,28036395
1519,32060610
1520,28036395
1520,32060610
1521,28036395
1521,32060530
1522,28036395
1522,32060530
1523,25013360
1523,28036395
1523,32060530
1524,28036395
1524,32060530
1525,28036395
1525,32060530
1526,28036395
1526,32060530
1527,28036395
1527,32060530
1528,25013777
1528,28036395
1528,32060530
1529,25013777
1529,28036395
1529,32060530
1530,28036395
1530,32060530
1531,28036395
1531,32060114
1532,25012878
1532,28036395
1532,32060114
1533,28036395
1534,25013386
1534,28036395
1535,28036395
1536,25013386
1536,32059590
1537,25013645
1537,32059590
1539,32059671
1540,32059671
1542,32060777
1543,28001761
1544,28001761
1546,28001702
1547,28001702
1547,32060777
1548,28001702
1549,25013645
1549,28001702
1550,28001702
1551,28001702
1552,25013742
1552,28001702
1553,28001702
1554,28001702
1556,28001702
1556,32060777
1557,32060777
1564,32060777
1565,28001702
1566,28001702
1567,28001702
1568,28002172
1569,28002172
1570,28002172
1571,28002172
1572,28002172
1575,28002156
1576,28002156
1577,28002156
1578,28002156
1579,28002156
1579,32060777
1579,33014639
1580,28002156
1581,28002156
1582,28002156
1583,28002156
1584,28002156
1584,32060777
1591,32060777
1593,28002156
1594,28002156
1596,32069731
1597,28038231
1598,28038231
1598,32069731
1600,28038231
1601,28038231
1602,28038231
1603,28038231
1604,28038231
1605,28038231
1606,28038231
1606,32060254
1607,28038231
1607,32060530
1608,28038231
1608,32060246
1609,28038231
1609,32059795
1610,28038231
1610,32059795
1611,28038231
1611,32059647
1612,28038231
1613,28038231
1614,28038231
1614,32059752
1615,28038231
1615,32060661
1616,28038231
1616,32083319
1617,28038231
1617,32083319
1618,28038231
1618,32083319
1619,28038231
1619,32083319
1620,28038231
1620,32083319
1621,28038231
1621,32083319
1622,28038231
1622,32083319
1623,28038231
1623,32083319
1624,32083319
1625,32083319
1627,32065752
1630,32065752
1631,32065752
1632,32065752
1633,32065752
1634,32065752
1635,32065752
1636,32065752
1637,32065752
1640,32065752
1641,32065752
1643,32065752
1644,32065752
1645,32065752
1646,32065752
1647,32065752
1648,32065752
1652,32065752
1657,32081987
1658,32081987
1667,32083327
1668,32083327
1669,32083327
1670,32083327
1671,32083327
1672,32083327
1674,33112630
1679,32081987
1680,32081987
1685,32059744
1686,32059744
1687,32059744
1688,32059930
1689,32081111
1690,32081111
1691,32081111
1692,32081111
1693,32081111
1694,32081111
1695,32081111
1696,32081111
1697,32060661
1699,32060661
1700,32060661
1703,32059787
1704,32059787
1705,32059787
1708,32060670
1709,32060670
1710,32060670
1729,32065752
1730,32065752
1731,32065752
1733,33014728
1734,32065752
1735,32065752
1736,32065752
1737,32065752
1738,32065752
1740,32081103
1741,32081103
1742,32081103
1743,32081103
1748,32081103
1749,32060688
1750,32059930
1752,32060688
1753,32060688
1754,32060688
1755,32060688
1756,32060688
1761,32060688
1763,32060688
1766,32060688
1769,32059639
1770,32059639
1770,33013705
1771,32059639
1772,32059639
1773,32059639
1777,32059639
1778,32059639
1779,32059639
1780,32060661
1781,32059833
1785,32060610
1799,33096600
1868,33014639
1890,33013713
1928,33013713
1929,33166633
2025,33094918
2080,33096597
2081,33096597
2082,33096597
2083,33096597
2084,33096597
2085,33096597
2087,33096597
2088,33096597
2089,33096597
2090,33096597
2091,33096597
2099,33013764
2106,33014728
2109,33014728
2112,33014728
2133,33013934
2139,33014655
2140,33014655
2141,33014655
2180,33013713
2181,33013713
2182,33013713
2183,33013705
2184,33013705
2185,33013705
2186,33013705
2186,33027870
2187,33013705
2188,33013705
2189,33013705
2190,33013705
2192,33013705
2193,33096600
2194,33096600
2195,33096600
2197,33096600
2198,33096600
2200,33096600
2201,33096600
2202,33096600
2203,33096600
2204,33096600
2205,33096600
2206,33096600
2216,33013934
2217,33013934
2218,33013934
2219,33013934
2220,33013934
2221,33013934
2222,33013934
2224,33013934
2225,33014540
2226,33014540
2227,33014540
2228,33014540
2229,33014540
2230,33014540
2231,33014540
2232,33014540
2233,33014540
2250,33181489
2251,33181489
2252,33181489
2267,33139725
2268,33139725
2269,33139725
2270,33139725
2272,33139725
2277,33013721
2279,33014728
2280,33014728
2281,33013721
2281,33156921
2283,33013721
2284,33013721
2285,33013721
2287,33166625
2288,33014647
2289,33013756
2290,33013756
2291,33013756
2292,33013756
2293,33013756
2300,33013756
2301,33013756
2302,33166650
2304,33166650
2305,33166650
2306,33166650
2308,33166650
2309,33166650
2310,33166650
2311,33166650
2312,33166650
2313,33166650
2314,33013756
2317,33166625
2320,33166668
2323,33166668
2349,33166668
2358,33166668
2362,33166625
2363,33166625
2364,33166668
2365,33166668
2366,33166668
2367,33166668
2368,33166668
2370,33166668
2371,33166668
2372,33166668
2373,33166668
2374,33166668
2375,33166668
2379,33166668
2380,33166668
2381,33166668
2382,33166668
2384,33166625
2385,33013608
2386,33166625
2387,33166625
2390,33166625
2391,33166625
2392,33166625
2393,33166625
2394,33166625
2395,33166625
2396,33166625
2397,33436215
2398,33436215
2399,33436215
2400,33436215
2401,33436215
2402,33436215
2403,33436215
2404,33436215
2405,33436215
2406,33436215
2407,33436215
2408,33436215
2409,33436215
2410,33436215
2411,33436215
2412,33436215
2413,33436215
2414,33436215
2415,33436215
2416,33436215
2417,33436215
2418,33436215
2419,33436215
2420,33436215
2422,33097739
2423,33097739
2424,33097739
2425,33097739
2426,33097739
2427,33097739
2428,33097739
2431,33097739
2432,33097739
2434,33097739
2436,33097739
2436,33162719
2437,33097739
2438,33097739
2439,33013608
2440,33013608
2440,33162719
2441,33013608
2442,33013608
2442,33162719
2443,33013608
2443,33162719
2444,33013608
2444,33162719
2445,33013608
2445,33162719
2446,33013608
2447,33013608
2447,33162719
2448,33013608
2449,33013608
2450,33013608
2451,33013608
2452,33013608
2453,33013608
2454,33013608
2455,33013608
2455,33162719
2456,33014698
2456,33162719
2457,33014698
2457,33162719
2458,33162719
2459,33014698
2459,33162719
2460,33014698
2460,33162719
2461,33014698
2461,33162719
2462,33014698
2463,33014698
2464,33014698
2464,33162719
2465,33014698
2465,33162719
2466,33014698
2468,33014698
2476,33184810
2477,33014540
2477,33184810
2478,33094918
2478,33184810
2479,33094918
2479,33184810
2480,33014680
2481,33014680
2482,33014680
2486,33014680
2487,33014680
2488,33013608
2493,33186863
2495,33094918
2496,33094918
2497,33094918
2498,33094918
2499,33094918
2504,33014582
2509,33013608
2510,33166668
2511,33166668
2514,33096600
2516,33013748
2517,33013748
2518,33013748
2519,33013748
2520,33013748
2521,33013748
2522,33013748
2523,33013748
2524,33013748
2525,33013748
2526,33013748
2527,33013748
2528,33013748
2529,33013748
2530,33013748
2531,33013748
2532,33013748
2533,33013748
2543,33013748
2544,33013748
2545,33013748
2549,33013586
2550,33013756
2552,33166641
2553,33166641
2555,33166641
2556,33166641
2557,33166641
2558,33166641
2561,33166641
2562,33166641
2563,33166641
2564,33166641
2565,33166641
2566,33166641
2567,33166641
2568,33166641
2569,33166641
2570,33166641
2571,33166641
2573,33166641
2574,33166641
2575,33166641
2576,33166641
2577,33166641
2578,33166641
2579,33166641
2580,33166641
2581,33166641
2584,33014710
2585,33014710
2586,33014710
2587,33014710
2588,33014710
2590,33014710
2591,33014710
2593,33166641
2595,33094918
2596,33094918
2597,33094918
2598,33013586
2602,33014663
2610,33014663
2611,33014663
2612,33014663
2613,33014663
2620,33094918
2621,33094918
2622,33094918
2623,33094918
2624,33094918
2625,33094918
2627,33094918
2628,33094918
2629,33094918
2630,33166641
2635,33013721
2640,33191450
2641,33191450
2647,33191450
2654,33014590
2655,33014647
2656,33014647
2657,33014647
2658,33014647
2665,33096597
2682,33013748
2683,33118922
2686,33096597
2688,33014655
2689,33014655
2698,33118922
2699,33118922
2707,33118922
2708,33118922
2710,33118922
2711,33118922
2712,33118922
2713,33118922
2714,33118922
2715,33118922
2716,33118922
2717,33118922
2719,33118922
2720,33118922
2721,33118922
2722,33118922
2723,33118922
2724,33118922
2725,33118922
2726,33118922
2727,33118922
2728,33118922
2730,33013500
2731,33013500
2732,15086496
2732,33013500
2733,33013500
2734,33013500
2741,15086496
2745,33166633
2746,33166633
2747,33166633
2748,33166633
2752,33013586
2753,33014590
2754,33014590
2758,33013756
2760,33014590
2762,33013578
2763,33013578
2764,33013578
2765,33013578
2766,33013578
2767,33013578
2768,33013578
2769,33013578
2770,33013578
2772,33013578
2773,33013578
2774,33013578
2781,33013578
2786,33014590
2787,33013578
2788,33014590
2789,33014590
2791,33191450
2792,33191450
2793,33191450
2794,33191450
2795,33191450
2796,33191450
2797,33191450
2798,33191450
2799,33191450
2800,33191450
2801,33191450
2805,33013934
2806,33191450
2807,33013586
2808,33191450
2809,33191450
2810,33191450
2811,33014639
2814,33014639
2816,33014639
2821,33014639
2822,33014639
2823,33014639
2828,33013578
2830,33013578
2835,33014590
2836,33014728
2837,33014728
2838,33014728
2839,33191450
2841,33014647
2842,33014647
2843,33014647
2844,33014647
2845,33191450
2846,33166625
2848,33166633
2849,33166633
2853,33191450
2856,33014639
2863,33013764
2865,33013764
2866,33013764
2867,33013764
2869,33013586
2870,33013586
2871,33013586
2872,33013586
2878,33027870
2879,33094918
2880,33094918
2881,33094918
2925,33166633
2926,33166633
2927,33166633
2928,33166633
2929,33166633
2951,33014710
2965,33013608
2966,33013608
2967,33013608
2968,33013608
2969,33013608
2970,33013608
2971,33013608
2972,33013608
2973,33013608
2974,33013608
2975,33013608
2976,33013608
2977,33013608
2978,33013608
2979,33013608
2980,33013608
2981,33013608
2982,33013608
2983,33013608
2984,33013608
2989,33013586
2990,33013586
3011,33013586
3012,33013586
3013,33014728
3014,33014728
3015,33014728
3016,33014728
3017,33014728
3018,33014728
3019,33014728
3021,33013586
3023,33013586
3025,33013586
3026,33013586
3067,15577210
3069,15577210
3071,15577210
3073,15577210
3075,15577210
3080,15577210
3080,33166641
3081,15577210
3081,33166668
3082,15577210
3083,33166668
3084,33166668
3085,33166668
3086,33166668
3087,33166668
3088,33166668
3089,33166668
3090,33166641
3091,33166668
3092,33166668
3093,33166668
3094,15086127
3094,33166668
3095,33166668
3096,33166668
3097,33166668
3098,33014710
3099,15086127
3099,33166668
3100,33166668
3101,15086127
3101,33166668
3102,33013608
3103,33166668
3104,15086380
3105,15086380
3106,15086380
3107,15086380
3107,33014710
3108,15086380
3108,33014710
3109,15086380
3109,33166641
3110,15086380
3111,15086380
3111,33166668
3112,15086380
3112,33166641
3113,15086380
3116,15160718
3117,15160718
3118,15160718
3118,33014710
3119,15160718
3120,15160718
3120,33166633
3121,15160718
3121,33096597
3122,15160718
3123,15160718
3124,15160718
3125,15160718
3126,15168085
3127,15168085
3128,15168085
3129,15168085
3130,15168085
3131,15168085
3132,15168085
3133,15168085
3133,33166641
3134,15168085
3135,15168085
3136,15168085
3138,15168085
3139,15168085
3147,33166641
3150,33166641
3152,15086089
3152,33166641
3153,15086089
3154,15086089
3155,15086089
3156,15086089
3160,33014582
3163,33166641
3164,33166641
3165,33013934
3166,33013934
3167,15165078
3167,33013934
3168,15165078
3168,33013934
3169,33013934
3170,15165078
3170,33013934
3171,15165078
3171,33013934
3172,15165078
3172,33013934
3173,15165078
3173,33013934
3174,15165078
3175,15165078
3176,15165078
3177,15165078
3181,15165078
3182,15165078
3183,15165078
3184,15165078
3185,15165078
3201,33013756
3202,15085996
3202,33013756
3203,15085996
3203,33013756
3204,15085996
3204,33013756
3205,15085996
3205,33013756
3206,15085996
3206,33013756
3207,15085996
3207,33013756
3208,15085996
3208,33013756
3209,33013756
3212,15085996
3214,33013756
3215,15085996
3215,33166641
3216,15085996
3217,15085996
3217,33014728
3218,15086070
3218,33166641
3219,15086070
3219,33013748
3220,15086070
3220,33013748
3221,15086070
3221,33013748
3222,15086070
3222,33013748
3223,15086070
3223,33013748
3224,33013748
3225,15086070
3225,33013748
3226,15086070
3226,33013748
3227,15086070
3227,33013748
3228,15086070
3228,33013748
3229,15086070
3229,33013748
3230,15086070
3230,33013748
3231,15086070
3231,33013748
3232,15086070
3232,33013748
3233,15086070
3233,33013748
3234,15086070
3234,33013748
3235,15086070
3235,33013748
3236,15086070
3236,33013748
3237,15086070
3238,15086070
3239,15086070
3240,15086070
3241,15086070
3241,33166641
3242,15086070
3242,33166641
3243,15086070
3244,15086070
3245,15086070
3253,33013748
3254,33013748
3255,33014710
3285,15086348
3286,15086348
3287,15086348
3287,33166641
3288,15086348
3289,15086348
3289,33166641
3293,33166641
3294,33166641
3296,15086348
3299,15086348
3300,15086348
3300,33166641
3301,15086348
3301,33166641
3302,33166641
3327,33014680
3329,15086410
3330,15086410
3331,15086410
3332,15086410
3333,15086410
3334,15086410
3335,15086410
3336,33014680
3337,33014680
3341,33014680
3342,15086410
3343,15086410
3344,15086410
3345,15086410
3347,15086348
3348,15086348
3352,33014710
3353,33166641
3355,33166641
3359,33014647
3369,33166668
3376,33014540
3377,33166641
3388,33014540
3390,33014540
3391,33014540
3392,33014540
3393,33014540
3395,33014540
3396,33014540
3397,33014540
3406,15171272
3407,15171272
3431,15577228
3432,15577228
3433,15577228
3434,15577228
3434,33166641
3435,15577228
3436,15577228
3437,15577228
3438,15577228
3439,15577228
3440,15577228
3441,15577228
3442,15577228
3443,15577228
3444,15577228
3445,15577228
3446,15577228
3447,15158152
3448,15158152
3449,15158152
3450,15158152
3451,15158152
3452,15158152
3453,15158152
3454,15158152
3454,33014698
3455,15158152
3455,33014698
3456,15158152
3456,33014698
3457,15158152
3457,33014698
3458,33014698
3459,15158152
3459,33014698
3460,15158152
3460,33014698
3461,15158152
3461,33014698
3462,15158152
3463,15158152
3464,15158152
3464,33014698
3465,15158152
3465,33014698
3466,15158152
3466,33014698
3467,15158152
3506,15116034
3507,15116034
3508,15116034
3509,15116034
3512,15116034
3513,15116034
3514,15116034
3515,15116034
3516,15116034
3517,15116034
3518,15116034
3519,15116034
3520,15116034
3521,15116034
3522,15116034
3523,15116034
3526,15116034
3527,15116034
3528,15086496
3529,15086496
3530,15086496
3531,15086496
3532,15086496
3533,15086496
3534,15086496
3608,15172872
3609,15172872
3610,15172872
3611,15172872
3612,15172872
3619,15086291
3620,15086291
3622,15086291
3623,15086291
3625,15086291
3631,15086291
3637,15086496
3677,15085686
3687,15086291
3714,15219143
3715,15219143
3716,15219143
3717,15219143
3718,15219143
3719,15219143
3720,15219143
3721,15219143
3722,15219143
3723,15219143
3724,15219143
3725,15219143
3726,15219143
3738,15085686
3743,15086291
3744,15086283
3745,15086283
3746,15086283
3747,15086283
3748,15086283
3749,15086283
3750,15086283
3750,21027706
3754,15086127
3755,15086127
3756,15086127
3757,15086127
3761,15086127
3762,15086127
3794,15086291
3798,15086283
3799,15086283
3800,15173585
3801,15173585
3802,15173585
3803,15173585
3805,15173585
3806,15173585
3807,15173585
3847,15561070
3851,15561070
3855,15561070
3865,15561070
3866,15085503
3868,15561070
3869,15085503
3870,15085503
3871,15085503
3876,15561070
3877,15555429
3878,15555429
3879,15555429
3880,15555429
3881,15555429
3882,15555429
3883,15555429
3884,15555429
3885,15555429
3885,21027781
3886,15555429
3886,21027781
3887,21027781
3888,21027781
3890,15085619
3891,15085619
3892,15085619
3893,15085619
3894,15085619
3895,15085619
3896,15085619
3897,15085619
3915,15085619
3916,15085619
3917,15085619
3918,15533042
3923,15533042
3924,15533042
3925,15533042
3926,15533042
3927,15533042
3932,15533042
3935,15165078
3943,21027790
3949,15085554
3950,15085554
3951,15085554
3953,15173585
3953,21230188
3963,21329800
3965,21230145
3968,21027927
3969,21027927
3978,15086461
3979,15086461
3980,15086461
3981,15086461
3984,15086461
3985,15086461
3986,15086461
3988,15086461
4001,21027676
4002,21027676
4004,21027676
4005,21027676
4006,21027676
4007,21027676
4010,21027528
4012,21027528
4013,15159280
4014,15159280
4015,15159280
4016,15159280
4018,15159280
4020,15159280
4021,15159280
4022,15159280
4023,21230145
4024,21230145
4025,21230145
4027,21230145
4031,15159280
4032,15159280
4034,15159280
4036,15159280
4038,15159280
4040,15159280
4042,15159280
4043,15159280
4090,15085694
4091,15085694
4094,15085937
4100,15085937
4101,15085937
4106,15086291
4108,15085937
4118,15085937
4119,15085937
4120,15085937
4121,15085937
4122,15085937
4123,15085937
4124,15085937
4125,15085937
4131,15086291
4139,15086291
4145,15086291
4151,15156915
4152,15156915
4153,15156915
4154,15156915
4155,15156915
4156,15156915
4157,15156915
4158,15156915
4159,15156915
4160,15156915
4161,15156915
4162,15156915
4163,15156915
4164,15156915
4165,15156915
4174,15156915
4175,15156915
4219,15173755
4222,15173755
4223,15173755
4224,15118169
4225,15118169
4227,15118169
4230,15118169
4303,15086291
4305,15565661
4312,15085970
4313,15085970
4314,15565661
4322,15086089
4323,15086089
4326,15086526
4327,15086526
4329,15086526
4330,15086526
4331,15086526
4336,15086526
4342,15086526
4343,15086526
4347,15086291
4348,15086291
4349,15086623
4350,15086623
4351,15086623
4352,15086623
4353,15086623
4358,15086623
4359,15086623
4360,15086623
4367,15172872
4368,15172872
4369,15172872
4370,15172872
4407,15086763
4409,15086763
4413,15086763
4428,15085546
4429,15085546
4430,15085546
4431,15085546
4432,15085546
4433,15085546
4434,15085546
4435,15085546
4436,15085546
4437,15085546
4438,15085546
4439,15085546
4440,15085546
4441,15085546
4442,15085546
4443,15085546
4444,15085546
4445,15085546
4446,15085546
4447,15085546
4447,21031312
4448,15085546
4449,15085546
4456,15167968
4457,15167968
4458,15167968
4458,21263051
4459,15167968
4459,21263051
4460,15167968
4460,21263051
4461,15167968
4461,21263051
4462,15167968
4462,21263051
4463,15167968
4463,21263051
4464,21263051
4465,21263051
4466,21263051
4467,21263051
4468,21031312
4469,21268240
4470,21030723
4471,21030723
4472,21030723
4473,21268240
4474,21030723
4475,21268240
4476,21268240
4477,21030723
4478,21268240
4479,21268240
4480,21268240
4481,21268240
4482,21268240
4483,21030790
4484,21031320
4485,21030391
4486,21030391
4487,21030790
4488,21030790
4489,21030790
4490,21030790
4493,15147436
4494,15147436
4494,21030790
4495,15147436
4495,21030790
4496,15147436
4496,21031312
4497,15147436
4497,21031312
4498,21268240
4499,21268240
4500,21031460
4501,21268240
4502,21268240
4503,15147436
4503,21031460
4504,21031460
4505,21031460
4506,15147436
4506,21031460
4507,15147436
4508,15147436
4509,15085503
4510,15085503
4510,21031460
4516,21492220
4517,21492220
4518,21492220
4519,21492220
4520,21492220
4522,21492220
4523,21492220
4524,21492220
4525,15120112
4526,15120112
4527,15120112
4528,15120112
4528,21030650
4534,21492220
4535,21031134
4536,21492220
4542,21031401
4543,21031401
4548,21031401
4550,21031401
4551,21030995
4552,21031401
4553,21030995
4554,21031401
4556,21031401
4560,21031401
4561,21030995
4562,21031401
4563,21030995
4565,21031401
4566,21030707
4567,21030707
4568,21030707
4569,21030707
4570,21030650
4571,21030650
4572,21492239
4573,21492239
4574,21492239
4575,21492239
4576,21492239
4578,21492239
4579,21492239
4580,21492239
4581,21030600
4582,21030600
4583,21030600
4584,21030600
4586,21030600
4587,21031355
4588,21031355
4589,21031355
4590,21031118
4591,21031118
4592,21031118
4593,21031118
4594,21031118
4595,21031444
4596,21031444
4597,21031444
4598,21031444
4599,21031444
4604,21031320
4605,21257116
4606,21257116
4608,21257116
4612,21031320
4613,21031320
4617,21031070
4621,21031070
4622,21031070
4623,21031070
4624,21031444
4627,21031312
4629,15140197
4630,15140197
4631,15140197
4631,21031410
4632,15086070
4632,21031410
4633,15085503
4633,21031410
4634,15086526
4635,15168077
4636,15168077
4637,15168077
4638,15168077
4639,15168077
4640,15168077
4640,21320608
4641,15168077
4642,15168077
4644,15085686
4645,21031312
4646,21031312
4647,15140197
4647,21031312
4648,21031312
4649,21030936
4650,21031312
4651,21031347
4652,21031347
4653,21031347
4654,21031347
4655,21031347
4656,21031312
4657,21031070
4658,21030383
4659,21031312
4660,21031312
4662,21030626
4663,21030626
4664,21030383
4665,21030383
4666,21030383
4667,21030383
4668,21030383
4669,21030626
4670,21030383
4671,21030383
4672,21030383
4673,21030383
4677,21030626
4680,21216037
4683,21030383
4684,21030383
4685,21216037
4686,21279799
4688,21030634
4689,21030634
4690,21030634
4691,21030634
4692,21030626
4693,15085686
4693,21030634
4695,15085686
4696,15085686
4696,21216355
4697,21216355
4698,21216355
4699,21030588
4700,21030588
4701,21030588
4702,21030588
4703,21030588
4705,21030588
4706,21030588
4707,21031380
4710,21031339
4712,21031339
4713,15085686
4713,21031339
4714,21031339
4717,15175286
4718,15175286
4720,21586675
4726,21030553
4727,21273693
4729,21273693
4732,15086917
4735,15085643
4736,15085643
4736,21031380
4737,15085643
4737,21031380
4738,15085643
4738,21031380
4739,15085643
4739,21031380
4740,21492247
4741,21492247
4742,21492247
4743,21492247
4744,21492247
4745,21492247
4746,15085643
4746,21492247
4747,15085643
4748,21492247
4749,15085643
4749,21492247
4750,15085643
4750,21492247
4751,21492247
4752,21492247
4754,21031126
4755,15577228
4755,21031126
4756,21031126
4757,21031126
4758,15085694
4758,21031126
4759,15085694
4759,21030936
4760,15085694
4760,21030936
4761,21030936
4762,21030936
4765,21030936
4767,15085694
4767,21263035
4769,21263035
4770,21262993
4771,21273685
4772,21273685
4773,21239320
4774,21239320
4775,21320012
4777,21031045
4778,21031045
4780,21030413
4781,21030413
4782,21030413
4783,21030413
4784,15087026
4785,15087026
4785,21031045
4786,15087026
4786,21246696
4787,21246696
4788,15087026
4788,21031240
4790,21031240
4791,21031240
4792,21031240
4793,21031240
4794,15087026
4795,15087026
4795,21031177
4796,15087026
4796,21031177
4797,21031177
4799,15555437
4800,15555437
4800,21030782
4801,15555437
4801,21030782
4802,15555437
4802,21030782
4803,15555437
4803,21030782
4804,15555437
4804,21030782
4805,21030782
4807,15555437
4807,21030413
4808,21030553
4809,21030553
4810,15555437
4810,21030553
4811,21030553
4812,21030553
4813,15555437
4813,21030553
4814,15555437
4814,21031037
4815,15555437
4815,21031037
4816,15116034
4816,21031037
4817,15172872
4817,21031037
4818,15116034
4818,21031037
4820,21031053
4821,21031053
4822,21263000
4824,21263000
4826,21030901
4828,21030901
4837,15535860
4839,15535860
4840,15147436
4840,21030901
4841,15167968
4841,21031398
4843,15167968
4846,15085538
4847,15085538
4848,15085538
4849,15085538
4850,15085538
4851,15085538
4852,15085538
4853,15085538
4854,15086461
4855,15086461
4856,15086461
4857,15086461
4858,15086461
4859,15086461
4861,21492212
4862,21492212
4863,21492212
4864,21030561
4865,15085627
4866,15085627
4866,21031304
4867,15085627
4867,21031304
4868,21031304
4870,21031223
4871,21031223
4872,21031185
4873,21031185
4874,15086917
4874,21031185
4875,15086917
4875,21031185
4876,15086917
4876,21031185
4877,15086917
4877,21031185
4878,21031185
4880,21273677
4881,15086518
4883,15086518
4884,15086518
4885,21031231
4886,21031231
4887,21031231
4888,21031231
4889,15086518
4889,21030464
4890,15086518
4890,21030464
4891,15086518
4891,21257108
4892,21257108
4896,21031401
4897,21030723
4898,21030723
4916,21031061
4917,21031061
4918,21031045
4925,21030561
4927,21030561
4928,21030561
4929,21030561
4932,21258066
4933,21258066
4935,21258066
4936,21031029
4937,21031029
4938,21030944
4939,21030944
4941,21320217
4944,21320217
4947,15147320
4948,15147320
4950,21263035
4951,21268240
4952,21031061
4953,21268240
4956,21031177
4957,21031045
4959,21273693
4963,21031126
4966,21031118
4968,21031240
4969,15147320
4970,15147320
4970,21030863
4971,15147320
4971,21030863
4972,15147320
4973,15147320
4974,15147320
4974,21273693
4978,15535860
4979,15535860
4980,15535860
4981,21257116
4982,15535860
4983,15086518
4985,15086518
4986,15086518
4986,21257108
4987,15535860
4989,15147436
4989,21263000
4990,21263000
4995,15565661
4998,15086216
5000,21031240
5001,21262993
5003,15086216
5003,21030588
5004,15086216
5005,15086216
5006,15086216
5006,21031290
5007,15086216
5008,15538923
5009,15538923
5010,15538923
5010,21030901
5011,15538923
5012,15538923
5012,21030901
5013,15538923
5014,15538923
5015,15538923
5016,15538923
5016,21320004
5017,15538923
5018,15538923
5019,15538923
5020,15538923
5020,21273677
5021,15538923
5022,15538923
5022,21031380
5023,15538923
5023,21031380
5024,15538923
5024,21031380
5025,21031380
5026,15179192
5030,21492247
5032,15086577
5033,15179192
5033,21492247
5034,15179192
5034,21492247
5035,15179192
5035,21492247
5036,15179192
5036,21492247
5037,15179192
5037,21492247
5038,15179192
5038,21492247
5039,15179192
5039,21492247
5040,15179192
5041,15179192
5041,21492247
5042,15179192
5042,21492247
5043,15179192
5044,15179192
5045,15179192
5051,21030995
5054,21030995
5055,21030995
5058,15179192
5059,15179192
5060,15179192
5064,21273677
5067,15087026
5069,21030936
5072,28001052
5073,15179192
5073,21030936
5076,21030790
5078,21030790
5079,21030790
5080,21030790
5086,15086216
5087,15086216
5088,21031410
5090,21031410
5091,21216355
5092,21216355
5093,21030650
5094,21030650
5095,21030650
5096,21216355
5102,21030723
5103,21030723
5105,21030723
5106,21030723
5107,21030723
5110,21031053
5111,21031053
5120,15085651
5121,15085651
5122,15085651
5122,21031398
5123,15085651
5124,15085651
5125,21031037
5126,21031037
5127,21031037
5128,21031037
5132,21263000
5136,21031320
5137,21031320
5138,21031320
5139,15085651
5139,21492247
5140,15085651
5141,15085651
5141,21263051
5142,15085651
5142,21263051
5143,15085651
5144,15085651
5145,15085651
5145,21263051
5146,15085651
5146,21263051
5147,15085651
5147,21263051
5148,21263051
5149,21263051
5150,21263051
5151,21263051
5151,28000994
5152,21263051
5152,28000994
5153,21030707
5153,28000994
5154,21030707
5154,28000994
5155,21030707
5155,28000994
5156,28000994
5157,21031290
5157,28000986
5158,21030588
5158,28000986
5159,28000986
5160,21030588
5160,28000986
5161,21030588
5161,28000986
5162,28000986
5163,21030588
5163,28001044
5164,21030588
5164,28001044
5165,28001044
5166,21030588
5166,28001044
5167,21030588
5167,28001044
5168,21246696
5168,28001044
5169,21246696
5169,28001087
5170,21031045
5170,28001087
5171,28001087
5172,21031045
5172,28001087
5173,21031045
5173,28001087
5174,21031126
5174,28001087
5175,21031126
5175,28001060
5176,28001060
5177,21031126
5177,28001060
5178,28001060
5179,28001060
5180,21031126
5180,28001060
5183,21031177
5184,21031177
5185,21031177
5185,28026349
5186,21031177
5186,28026349
5187,28026349
5188,28026349
5189,28026349
5190,15147401
5190,21273693
5190,28026349
5193,28001010
5194,21030588
5195,28001010
5196,21246696
5196,28001010
5197,28001010
5198,21030383
5198,28001133
5199,21030383
5200,21030383
5200,28001133
5201,21030383
5201,28001133
5202,21030383
5202,28001133
5203,28001133
5205,21030383
5205,28001125
5206,21030383
5207,21030383
5207,28001125
5208,21030383
5209,21030383
5209,28001125
5210,21030383
5210,28001125
5211,28001125
5212,28001125
5213,15538672
5213,28001125
5214,28001125
5218,21030383
5219,21030383
5222,28001125
5223,21031339
5223,28001125
5224,21031339
5224,28001125
5225,21031339
5225,28001125
5226,21031339
5226,28001052
5227,21031460
5227,28001052
5228,28001052
5230,28001052
5231,28001010
5232,28001133
5233,28001133
5234,28000994
5235,21492247
5235,28000994
5236,21031185
5236,28000994
5237,21031185
5237,28000994
5238,21031185
5238,28000994
5239,21031185
5239,28000994
5240,21031185
5241,28001125
5242,28001125
5243,28001125
5244,28001125
5245,28001125
5246,21031134
5246,28001125
5247,21031134
5247,28001125
5248,28001125
5251,21031134
5252,21031460
5253,15086410
5253,21031460
5254,21031070
5255,15538672
5255,21031070
5255,28001125
5256,21031070
5256,28001125
5257,15538672
5257,21031070
5257,28001125
5258,15538672
5258,21031070
5258,28001125
5259,21031070
5260,21031347
5261,15538672
5261,21031347
5262,21031460
5263,15538672
5263,21031347
5264,21031347
5265,21031347
5266,21031347
5266,28000986
5267,21031185
5267,28000986
5268,15538672
5268,21031185
5268,28000986
5269,15538672
5269,28000986
5270,21031460
5270,28000986
5271,28000986
5272,28001044
5273,15147401
5273,21031380
5273,28001044
5274,15147401
5274,28001044
5275,28001044
5276,15147401
5276,28001044
5277,28001044
5278,15147401
5278,28001052
5279,21586675
5279,28001052
5280,21031401
5280,28001052
5281,21031401
5281,28001052
5282,21031401
5282,28001052
5283,15147401
5283,21031401
5283,28001087
5284,15147401
5284,28001087
5285,15147401
5285,21031401
5285,28001087
5286,28001087
5287,21031401
5287,28001087
5288,21031401
5288,28001087
5289,21492220
5289,28001060
5290,28001060
5291,28001060
5292,28001060
5293,15538672
5293,28001060
5294,21263000
5294,28001060
5295,28026349
5296,21492220
5296,28026349
5297,21492220
5297,28026349
5298,21492220
5298,28026349
5299,21492220
5299,28026349
5300,21492220
5300,28026349
5301,21492220
5301,28001010
5302,21492220
5302,28001010
5303,21031037
5303,28001010
5304,15086550
5304,21031312
5304,28001010
5305,15086550
5305,28001010
5306,15086550
5306,21030391
5306,28001133
5307,15086933
5307,21030782
5308,15086933
5308,21030391
5308,28001133
5309,15086933
5309,21030626
5309,28001133
5310,21030626
5310,28001133
5311,21030782
5311,28001133
5312,21030626
5312,28001133
5313,15565661
5313,21030626
5313,28001010
5314,21030626
5314,28001109
5315,21030626
5315,28001109
5316,21030626
5316,28001109
5317,21031355
5318,15085910
5318,21031355
5318,28001109
5319,15085910
5319,21030600
5319,28001060
5320,15533042
5320,21030600
5320,28001117
5321,21030600
5321,28001117
5322,28001117
5323,15535860
5323,28001117
5324,15535860
5324,28001117
5325,15535860
5325,28001109
5333,15535860
5333,21030936
5334,15535860
5334,21030936
5335,15535860
5336,15535860
5339,15535860
5340,21030936
5342,21030936
5343,21492220
5345,21268240
5346,21030642
5347,21268240
5348,21268240
5350,21268240
5351,15535860
5351,21268240
5352,15535860
5354,21030642
5355,15085651
5356,15085651
5356,21030642
5358,15577180
5358,21268240
5359,15577180
5359,21268240
5360,21030634
5361,15577180
5361,21268240
5362,21268240
5363,21268240
5364,21268240
5365,15565823
5365,21268240
5366,15565823
5366,21030634
5367,15565823
5367,21030634
5368,21030634
5369,21030634
5370,21030790
5371,21030790
5372,21030790
5373,21030782
5374,21030782
5375,21030782
5376,21031312
5377,21030642
5379,15087018
5380,15087018
5380,21031282
5381,15087018
5382,21492239
5383,21320012
5384,21031444
5385,21031444
5386,21031444
5387,21031444
5388,21031444
5392,21031444
5394,28035445
5395,21031304
5396,21031304
5396,28035445
5397,21031304
5400,21273693
5401,21320608
5403,15086631
5404,15086631
5405,15086631
5406,15086631
5406,21031118
5407,15086631
5408,15086631
5409,21030642
5411,21492239
5416,21320608
5417,21320608
5418,21320608
5419,15085759
5419,21320608
5419,28026071
5421,15085759
5421,21320608
5422,21257116
5423,21257116
5424,21492239
5425,21492239
5426,21031312
5427,21031312
5428,21257116
5429,15086259
5429,21031312
5430,15086259
5434,21031312
5435,15086623
5435,21492239
5436,21031118
5437,21031118
5438,21031312
5439,21492239
5440,21492239
5441,21257116
5443,15085759
5445,15085759
5446,15086631
5446,21031118
5447,21320608
5448,15085759
5448,21031118
5451,21030553
5452,21030553
5453,21030553
5454,21030553
5455,21030553
5456,15086631
5456,21030553
5457,21030553
5458,21262993
5459,21273685
5460,15086259
5460,21273685
5461,21031240
5462,15085651
5463,21031312
5465,21320004
5466,15086259
5467,21031312
5468,21031061
5469,21258066
5470,21031231
5471,21031231
5472,15086054
5472,21258066
5473,15086054
5473,21258066
5474,15086054
5474,21031231
5475,15086917
5475,21258066
5476,21031231
5477,21031312
5478,21031061
5479,15577210
5479,21031240
5479,28042000
5480,21031061
5480,28042000
5481,21320217
5482,21320217
5483,21320217
5484,21030944
5485,21030944
5486,21031029
5487,15085910
5487,21031029
5488,15085910
5489,15085910
5489,21031240
5490,15085910
5490,21031240
5491,15085910
5491,21031312
5492,15085910
5493,15085910
5493,21031312
5494,21239320
5496,21239320
5497,21031312
5498,21031312
5499,21031312
5500,21031240
5501,15086542
5501,21031240
5502,15086542
5502,21030600
5503,21030600
5504,21031312
5506,21030413
5506,28026098
5507,21030413
5508,21030413
5509,21030413
5510,21030413
5511,21031371
5512,21031371
5513,21031371
5514,21031371
5518,15158152
5519,15158152
5519,21031460
5524,15172864
5525,15172864
5526,28025911
5527,21030391
5528,21279799
5530,28032071
5532,21030464
5539,21030863
5540,21030863
5541,21492220
5542,21030863
5543,21030863
5544,21030863
5545,21030863
5546,21492239
5549,21257108
5551,21257108
5552,21031223
5553,21031223
5554,21030464
5557,21263000
5564,21492212
5565,21492212
5566,21492212
5567,21031380
5568,21030901
5569,21030634
5583,21031320
5584,21031460
5585,21030588
5587,21030588
5588,21030588
5591,21031401
5631,21030782
5796,21030537
5797,21030537
5798,21030561
5810,21492247
5811,21492247
5812,21492247
5813,21492247
5814,21492247
5815,21492247
5816,21492247
5817,21492247
5818,21492247
5819,21492247
5824,28026047
5825,21030642
5826,21030642
5827,21030642
5827,28026047
5828,21030642
5828,28026047
5829,21030642
5829,28026047
5830,21031282
5834,21030715
5835,21030715
5836,21031312
5838,21031312
5840,21031312
5841,21031312
5842,21031312
5843,21031312
5844,21031312
5845,21031312
5846,21031312
5847,21031312
5848,21031312
5849,21031312
5850,21031312
5851,21031312
5852,21030650
5853,21030650
5854,21030650
5861,21031134
5863,21031134
5864,21031410
5865,21031410
5866,21031410
5867,21216355
5868,21216355
5869,21031177
5870,21031177
5872,21031177
5873,21031045
5874,21031045
5875,21031045
5879,21031126
5880,21031126
5884,21030588
5886,21030588
5887,21030588
5889,21030588
5893,21263051
5894,21263051
5895,21263051
5896,21263051
5897,21263051
5898,21263051
5899,21263051
5900,21263051
5901,21263051
5903,21268240
5904,21268240
5905,21268240
5906,21268240
5907,21268240
5908,21268240
5909,21268240
5910,21268240
5911,21268240
5912,21268240
5913,21268240
5914,21268240
5915,21268240
5916,21492220
5917,21492220
5918,21320608
5919,21320608
5922,21492220
5923,21492220
5924,21492220
5925,21492220
5926,21492220
5927,21492220
5928,21320608
5929,21320608
5930,21320608
5931,21320608
5932,21030537
5933,21030383
5934,21492239
5935,21492239
5938,21031312
5939,21320608
5941,21031339
5943,21492239
5944,21492239
5945,21492239
5946,21492239
5947,21492247
5952,21030723
5953,21030723
5954,21030723
5955,21030723
5956,21031037
5958,21030537
5959,21263051
5960,21030723
5963,21030383
5967,21586675
5971,21273677
5988,21031320
5989,21031320
5990,21031339
5991,21031037
5992,21031037
5993,21031037
5994,21031037
5995,21031339
5996,21031320
5998,21031320
6000,21031401
6001,21031401
6002,21031401
6003,21031401
6004,21031401
6005,21031401
6006,21031401
6009,21030464
6010,21031223
6011,21257116
6012,21257116
6014,21257108
6015,21257116
6016,21257108
6017,21031223
6018,21031312
6021,21030936
6022,21030936
6023,21492239
6024,21492239
6025,21031460
6026,21030383
6029,21031460
6030,21031460
6032,21031460
6038,21030553
6039,21030553
6041,21031185
6042,21031185
6043,21031185
6044,21031185
6045,21030383
6049,21031380
6050,21031380
6051,21031380
6052,21031380
6053,21031380
6057,21492220
6058,21492220
6064,21030383
6066,21030383
6067,21030790
6068,21030790
6069,21030790
6070,21030790
6071,21030790
6075,21030790
6076,21030790
6078,21031070
6079,21031070
6080,21031070
6081,21031070
6082,21031070
6083,21031070
6084,21031347
6085,21031347
6086,21031347
6087,21031347
6088,21031347
6089,21031347
6090,21030383
6091,21030383
6092,21030383
6093,21030383
6094,21030383
6097,21030790
6102,21030383
6103,21030383
6104,21030995
6111,21031460
6227,21273693
6228,21273693
6236,28026071
6237,28026071
6238,21031118
6238,28026071
6239,21031118
6239,28026071
6240,21031118
6240,28026071
6241,21031118
6242,21031118
6243,21031061
6244,21031061
6244,28026071
6245,21031061
6245,28026071
6246,21031061
6246,28026071
6249,28026071
6250,21030944
6250,28026071
6251,21030944
6252,21031029
6253,21031029
6256,21030634
6257,21258066
6258,21258066
6258,28025970
6259,21258066
6259,28026080
6260,21031053
6260,28026080
6261,21320217
6262,21320217
6263,21320217
6263,28026080
6264,28026080
6265,28026080
6266,21030995
6267,21031185
6268,21030634
6269,21031444
6270,21031444
6270,28026080
6271,21031444
6271,28032071
6272,21031444
6272,28032071
6274,28032071
6275,28032071
6276,21031444
6277,21031185
6277,28032071
6278,21031053
6279,21263000
6281,21263000
6284,21030413
6285,21030413
6285,28032071
6287,28026047
6288,21031304
6289,21031304
6290,21031304
6291,21030634
6292,21030634
6293,21030634
6296,21030634
6297,21031304
6297,28042000
6298,21030782
6298,28042000
6299,21030782
6300,21030782
6301,21030782
6302,21030782
6303,21030782
6303,28042000
6304,21030782
6304,28025970
6305,28035445
6306,21031444
6306,28035445
6307,28035445
6308,21031185
6308,28035445
6309,28035445
6310,21030901
6310,28035445
6311,21030901
6311,28035445
6312,21030901
6312,28035445
6314,28026144
6315,28026144
6317,28026144
6318,28026144
6319,28026144
6320,28026144
6321,28026144
6322,21030995
6323,21320012
6325,21031240
6325,28026144
6328,21031240
6330,21031240
6331,21031240
6338,21492212
6339,21492212
6340,21492212
6342,21030553
6343,21030553
6343,28026012
6344,21030553
6345,21030553
6346,21030553
6347,21031398
6349,21030391
6350,21030391
6351,21030626
6352,21030626
6353,21030626
6353,28026179
6354,21030626
6354,28026179
6355,21030626
6355,28026179
6356,21030626
6356,28026179
6357,21030561
6357,28026179
6358,21031380
6358,28026179
6359,28026179
6360,21031290
6360,28026179
6361,21030707
6361,28026179
6362,21030707
6363,21030936
6364,21030936
6365,21030936
6366,21031371
6367,21031371
6368,21031371
6369,21031371
6369,28026039
6370,21273685
6370,28026039
6371,21263035
6371,28026039
6372,28026039
6373,28026039
6374,21030456
6375,21030707
6376,28026039
6377,21030707
6377,28026039
6379,21030707
6379,28026039
6380,21030707
6380,28026039
6381,21030707
6381,28026039
6382,28026039
6385,21030936
6386,21239320
6387,21030642
6388,21492239
6394,21279799
6396,21030600
6397,21030413
6398,21030413
6399,21031460
6400,21031401
6401,21030413
6402,21031240
6403,21031339
6405,21030600
6406,21030600
6408,21031355
6409,21031355
6411,21030600
6412,21030600
6413,21030600
6414,21030413
6415,21031290
6416,21031223
6417,21031231
6418,21031231
6419,21031231
6420,21031231
6428,21320004
6433,21031185
6434,21031380
6435,21263051
6436,21031126
6445,21030863
6446,21030863
6447,21030863
6458,21031126
6460,28035445
6482,28032837
6483,28032837
6484,28032837
6485,28032837
6486,28032837
6488,28032837
6500,21030383
6517,21030723
6520,21030723
6521,21030723
6522,21263035
6548,28025970
6549,28025970
6601,21273685
6626,21239320
7675,28016467
7676,28016467
7725,28016327
7728,28016467
7729,28016467
7730,28016491
7732,28016491
7735,28016416
7740,28016416
7781,28016467
7782,28016467
7811,28016467
7814,28016491
7815,28016491
7816,28016491
7817,28016580
7818,28016580
7820,28016580
7821,28016580
7822,28016580
7824,28016580
7830,28016580
7831,28016580
7832,28016580
7833,28016580
7834,28016580
7964,28016467
8150,21023875
8151,21023875
8152,21023875
8153,21023875
8154,21023875
8155,21023875
8156,21023875
8157,21023875
8158,21023875
8159,21023875
8166,21023875
8167,21023875
8189,21023875
8208,21023468
8317,28014766
8318,28014766
8319,28014766
8320,28014766
8321,28014766
8322,28031202
8323,28031202
8330,28031296
8331,28031296
8332,28031296
8333,28031296
8334,28031296
8335,28031296
8336,28031296
8337,28031296
8346,28014790
8349,28014804
8352,28014804
8354,21024189
8359,21024189
8361,28014790
8396,28014766
8397,28014766
8398,28014766
8399,28014766
8482,28014804
8483,28014804
8484,28014804
8485,28014804
8491,28014804
8507,28014766
8508,28014766
8511,28014766
8703,21023565
8704,21023565
8705,21023565
8706,21023565
8707,21023565
8708,21023565
8709,21023565
8710,21023565
8711,21023565
8716,21024189
8720,21023883
8721,21023883
8722,21023883
8723,21023883
8724,21023883
8725,21023883
8726,21023883
8731,21023883
8732,21023468
8733,21024146
8736,21024146
8738,21024146
8739,21024146
8740,21024146
8741,21023468
8742,21023468
8743,21023468
8744,21023468
8747,91827378
8762,21022968
8789,21023875
8790,21023875
8791,21023875
8792,21023875
8793,21023875
8794,21023875
8795,21023875
8796,21023875
8797,21023875
8798,21023808
8810,21023808
8820,21023808
8821,21023808
8822,21023808
8823,21023808
8824,21023875
8828,21023875
8829,21023603
8861,21023883
8862,21023883
8863,21023883
8864,21023883
8865,21023883
8867,21023883
8871,21023883
8872,21023883
8875,21023565
8876,21023565
8877,21023565
8878,21023565
8879,21023565
8880,21023565
8881,21023565
8882,21023565
8883,21023565
8904,21023298
8905,21023298
8906,21023298
8907,21023298
8908,21023298
8921,21023875
